VelControlTask  ,14.842,Enc, 0.000, Gyro,-0.019
VelControlTask  ,14.843,Enc, 0.000, Gyro,-0.001
VelControlTask  ,14.844,Enc, 0.000, Gyro,-0.001
VelControlTask  ,14.845,Enc, 0.000, Gyro, 0.000
VelControlTask  ,14.846,Enc, 0.000, Gyro, 0.001
VelControlTask  ,14.847,Enc, 0.000, Gyro, 0.001
VelControlTask  ,14.848,Enc, 0.000, Gyro,-0.001
VelControlTask  ,14.849,Enc, 0.000, Gyro,-0.002
VelControlTask  ,14.850,Enc, 0.000, Gyro,-0.001
VelControlTask  ,14.851,Enc, 0.000, Gyro,-0.001
VelControlTask  ,14.852,Enc, 0.000, Gyro,-0.001
VelControlTask  ,14.853,Enc, 0.000, Gyro, 0.001
VelControlTask  ,14.854,Enc, 0.000, Gyro, 0.000
VelControlTask  ,14.855,Enc, 0.000, Gyro,-0.001
VelControlTask  ,14.856,Enc, 0.000, Gyro,-0.001
VelControlTask  ,14.857,Enc, 0.000, Gyro,-0.003
VelControlTask  ,14.858,Enc, 0.000, Gyro,-0.001
VelControlTask  ,14.859,Enc, 0.000, Gyro, 0.000
VelControlTask  ,14.860,Enc, 0.000, Gyro, 0.002
VelControlTask  ,14.861,Enc, 0.000, Gyro, 0.002
VelControlTask  ,14.862,Enc, 0.000, Gyro, 0.000
VelControlTask  ,14.863,Enc, 0.000, Gyro,-0.001
VelControlTask  ,14.864,Enc, 0.000, Gyro, 0.000
VelControlTask  ,14.865,Enc, 0.000, Gyro,-0.002
VelControlTask  ,14.866,Enc, 0.000, Gyro,-0.001
VelControlTask  ,14.867,Enc, 0.000, Gyro, 0.002
VelControlTask  ,14.868,Enc, 0.000, Gyro, 0.001
VelControlTask  ,14.869,Enc, 0.000, Gyro,-0.001
VelControlTask  ,14.870,Enc, 0.000, Gyro,-0.003
VelControlTask  ,14.871,Enc, 0.000, Gyro,-0.001
VelControlTask  ,14.872,Enc, 0.000, Gyro, 0.002
VelControlTask  ,14.873,Enc, 0.000, Gyro, 0.001
VelControlTask  ,14.874,Enc, 0.000, Gyro, 0.000
VelControlTask  ,14.875,Enc, 0.000, Gyro, 0.000
VelControlTask  ,14.876,Enc, 0.000, Gyro, 0.000
VelControlTask  ,14.877,Enc, 0.000, Gyro, 0.000
VelControlTask  ,14.878,Enc, 0.000, Gyro, 0.000
VelControlTask  ,14.879,Enc, 0.000, Gyro,-0.001
VelControlTask  ,14.880,Enc, 0.000, Gyro,-0.001
VelControlTask  ,14.881,Enc, 0.000, Gyro, 0.000
VelControlTask  ,14.882,Enc, 0.000, Gyro,-0.001
VelControlTask  ,14.883,Enc, 0.000, Gyro, 0.000
VelControlTask  ,14.884,Enc, 0.000, Gyro, 0.001
VelControlTask  ,14.885,Enc, 0.000, Gyro, 0.001
VelControlTask  ,14.886,Enc, 0.000, Gyro,-0.001
VelControlTask  ,14.887,Enc, 0.000, Gyro,-0.003
VelControlTask  ,14.888,Enc, 0.000, Gyro,-0.003
VelControlTask  ,14.889,Enc, 0.000, Gyro,-0.001
VelControlTask  ,14.890,Enc, 0.000, Gyro, 0.000
VelControlTask  ,14.891,Enc, 0.000, Gyro, 0.000
VelControlTask  ,14.892,Enc, 0.000, Gyro, 0.000
VelControlTask  ,14.893,Enc, 0.000, Gyro,-0.001
VelControlTask  ,14.894,Enc, 0.000, Gyro, 0.000
VelControlTask  ,14.895,Enc, 0.000, Gyro, 0.001
VelControlTask  ,14.896,Enc, 0.000, Gyro, 0.000
VelControlTask  ,14.897,Enc, 0.000, Gyro,-0.002
VelControlTask  ,14.898,Enc, 0.000, Gyro,-0.001
VelControlTask  ,14.899,Enc, 0.000, Gyro,-0.001
VelControlTask  ,14.900,Enc, 0.000, Gyro, 0.000
VelControlTask  ,14.901,Enc, 0.000, Gyro,-0.001
VelControlTask  ,14.902,Enc, 0.000, Gyro,-0.003
VelControlTask  ,14.903,Enc, 0.000, Gyro,-0.002
VelControlTask  ,14.904,Enc, 0.000, Gyro,-0.001
VelControlTask  ,14.905,Enc, 0.000, Gyro,-0.002
VelControlTask  ,14.906,Enc, 0.000, Gyro,-0.002
VelControlTask  ,14.907,Enc, 0.000, Gyro,-0.004
VelControlTask  ,14.908,Enc, 0.000, Gyro,-0.003
VelControlTask  ,14.909,Enc, 0.000, Gyro, 0.000
VelControlTask  ,14.910,Enc, 0.000, Gyro, 0.001
VelControlTask  ,14.911,Enc, 0.000, Gyro, 0.000
VelControlTask  ,14.912,Enc, 0.000, Gyro,-0.001
VelControlTask  ,14.913,Enc, 0.000, Gyro,-0.001
VelControlTask  ,14.914,Enc, 0.000, Gyro,-0.001
VelControlTask  ,14.915,Enc, 0.000, Gyro, 0.001
VelControlTask  ,14.916,Enc, 0.000, Gyro, 0.001
VelControlTask  ,14.917,Enc, 0.000, Gyro,-0.002
VelControlTask  ,14.918,Enc, 0.000, Gyro,-0.003
VelControlTask  ,14.919,Enc, 0.000, Gyro,-0.002
VelControlTask  ,14.920,Enc, 0.000, Gyro,-0.001
VelControlTask  ,14.921,Enc, 0.000, Gyro, 0.000
VelControlTask  ,14.922,Enc, 0.000, Gyro,-0.002
VelControlTask  ,14.923,Enc, 0.000, Gyro,-0.002
VelControlTask  ,14.924,Enc, 0.000, Gyro,-0.002
VelControlTask  ,14.925,Enc, 0.000, Gyro,-0.002
VelControlTask  ,14.926,Enc, 0.000, Gyro,-0.003
VelControlTask  ,14.927,Enc, 0.000, Gyro,-0.003
VelControlTask  ,14.928,Enc, 0.000, Gyro,-0.002
VelControlTask  ,14.929,Enc, 0.000, Gyro,-0.001
VelControlTask  ,14.930,Enc, 0.000, Gyro,-0.003
VelControlTask  ,14.931,Enc, 0.000, Gyro,-0.001
VelControlTask  ,14.932,Enc, 0.000, Gyro, 0.001
VelControlTask  ,14.933,Enc, 0.000, Gyro, 0.002
VelControlTask  ,14.934,Enc, 0.000, Gyro, 0.001
VelControlTask  ,14.935,Enc, 0.000, Gyro, 0.002
VelControlTask  ,14.936,Enc, 0.000, Gyro, 0.001
VelControlTask  ,14.937,Enc, 0.000, Gyro, 0.001
VelControlTask  ,14.938,Enc, 0.000, Gyro, 0.001
VelControlTask  ,14.939,Enc, 0.000, Gyro, 0.000
VelControlTask  ,14.940,Enc, 0.000, Gyro, 0.000
VelControlTask  ,14.941,Enc, 0.000, Gyro, 0.000
VelControlTask  ,14.942,Enc, 0.000, Gyro,-0.001
VelControlTask  ,14.943,Enc, 0.000, Gyro,-0.004
VelControlTask  ,14.944,Enc, 0.000, Gyro,-0.001
VelControlTask  ,14.945,Enc, 0.000, Gyro, 0.000
VelControlTask  ,14.946,Enc, 0.000, Gyro,-0.001
VelControlTask  ,14.947,Enc, 0.000, Gyro,-0.002
VelControlTask  ,14.948,Enc, 0.000, Gyro,-0.001
VelControlTask  ,14.949,Enc, 0.000, Gyro,-0.001
VelControlTask  ,14.950,Enc, 0.000, Gyro,-0.001
VelControlTask  ,14.951,Enc, 0.000, Gyro, 0.000
VelControlTask  ,14.952,Enc, 0.000, Gyro, 0.001
VelControlTask  ,14.953,Enc, 0.000, Gyro, 0.001
VelControlTask  ,14.954,Enc, 0.000, Gyro,-0.002
VelControlTask  ,14.955,Enc, 0.000, Gyro,-0.003
VelControlTask  ,14.956,Enc, 0.000, Gyro,-0.001
VelControlTask  ,14.957,Enc, 0.000, Gyro,-0.002
VelControlTask  ,14.958,Enc, 0.000, Gyro,-0.001
VelControlTask  ,14.959,Enc, 0.000, Gyro, 0.000
VelControlTask  ,14.960,Enc, 0.000, Gyro, 0.002
VelControlTask  ,14.961,Enc, 0.000, Gyro, 0.001
VelControlTask  ,14.962,Enc, 0.000, Gyro, 0.001
VelControlTask  ,14.963,Enc, 0.000, Gyro,-0.002
VelControlTask  ,14.964,Enc, 0.000, Gyro,-0.003
VelControlTask  ,14.965,Enc, 0.000, Gyro, 0.000
VelControlTask  ,14.966,Enc, 0.000, Gyro, 0.001
VelControlTask  ,14.967,Enc, 0.000, Gyro,-0.001
VelControlTask  ,14.968,Enc, 0.000, Gyro,-0.001
VelControlTask  ,14.969,Enc, 0.000, Gyro, 0.000
VelControlTask  ,14.970,Enc, 0.000, Gyro, 0.000
VelControlTask  ,14.971,Enc, 0.000, Gyro,-0.001
VelControlTask  ,14.972,Enc, 0.000, Gyro,-0.002
VelControlTask  ,14.973,Enc, 0.000, Gyro,-0.003
VelControlTask  ,14.974,Enc, 0.000, Gyro,-0.002
VelControlTask  ,14.975,Enc, 0.000, Gyro, 0.000
VelControlTask  ,14.976,Enc, 0.000, Gyro,-0.001
VelControlTask  ,14.977,Enc, 0.000, Gyro,-0.002
VelControlTask  ,14.978,Enc, 0.000, Gyro,-0.002
VelControlTask  ,14.979,Enc, 0.000, Gyro,-0.001
VelControlTask  ,14.980,Enc, 0.000, Gyro, 0.001
VelControlTask  ,14.981,Enc, 0.000, Gyro, 0.001
VelControlTask  ,14.982,Enc, 0.000, Gyro, 0.001
VelControlTask  ,14.983,Enc, 0.000, Gyro, 0.001
VelControlTask  ,14.984,Enc, 0.000, Gyro, 0.002
VelControlTask  ,14.985,Enc, 0.000, Gyro, 0.000
VelControlTask  ,14.986,Enc, 0.000, Gyro,-0.002
VelControlTask  ,14.987,Enc, 0.000, Gyro,-0.001
VelControlTask  ,14.988,Enc, 0.000, Gyro,-0.002
VelControlTask  ,14.989,Enc, 0.000, Gyro,-0.002
VelControlTask  ,14.990,Enc, 0.000, Gyro,-0.001
VelControlTask  ,14.991,Enc, 0.000, Gyro, 0.000
VelControlTask  ,14.992,Enc, 0.000, Gyro,-0.001
VelControlTask  ,14.993,Enc, 0.000, Gyro, 0.000
VelControlTask  ,14.994,Enc, 0.000, Gyro,-0.002
VelControlTask  ,14.995,Enc, 0.000, Gyro,-0.001
VelControlTask  ,14.996,Enc, 0.000, Gyro, 0.000
VelControlTask  ,14.997,Enc, 0.000, Gyro,-0.001
VelControlTask  ,14.998,Enc, 0.000, Gyro,-0.001
VelControlTask  ,14.999,Enc, 0.000, Gyro,-0.001
VelControlTask  ,15.000,Enc, 0.000, Gyro,-0.002
VelControlTask  ,15.001,Enc, 0.000, Gyro,-0.003
VelControlTask  ,15.002,Enc, 0.000, Gyro,-0.002
VelControlTask  ,15.003,Enc, 0.000, Gyro,-0.001
VelControlTask  ,15.004,Enc, 0.000, Gyro,-0.002
VelControlTask  ,15.005,Enc, 0.000, Gyro,-0.002
VelControlTask  ,15.006,Enc, 0.000, Gyro,-0.002
VelControlTask  ,15.007,Enc, 0.000, Gyro,-0.001
VelControlTask  ,15.008,Enc, 0.000, Gyro, 0.000
VelControlTask  ,15.009,Enc, 0.000, Gyro, 0.001
VelControlTask  ,15.010,Enc, 0.000, Gyro, 0.000
VelControlTask  ,15.011,Enc, 0.000, Gyro, 0.000
VelControlTask  ,15.012,Enc, 0.000, Gyro,-0.001
VelControlTask  ,15.013,Enc, 0.000, Gyro, 0.000
VelControlTask  ,15.014,Enc, 0.000, Gyro,-0.001
VelControlTask  ,15.015,Enc, 0.000, Gyro,-0.002
VelControlTask  ,15.016,Enc, 0.000, Gyro,-0.001
VelControlTask  ,15.017,Enc, 0.000, Gyro,-0.001
VelControlTask  ,15.018,Enc, 0.000, Gyro, 0.001
VelControlTask  ,15.019,Enc, 0.000, Gyro, 0.000
VelControlTask  ,15.020,Enc, 0.000, Gyro,-0.001
VelControlTask  ,15.021,Enc, 0.000, Gyro, 0.000
VelControlTask  ,15.022,Enc, 0.000, Gyro,-0.001
VelControlTask  ,15.023,Enc, 0.000, Gyro,-0.002
VelControlTask  ,15.024,Enc, 0.000, Gyro,-0.002
VelControlTask  ,15.025,Enc, 0.000, Gyro,-0.003
VelControlTask  ,15.026,Enc, 0.000, Gyro,-0.001
VelControlTask  ,15.027,Enc, 0.000, Gyro, 0.000
VelControlTask  ,15.028,Enc, 0.000, Gyro, 0.002
VelControlTask  ,15.029,Enc, 0.000, Gyro, 0.001
VelControlTask  ,15.030,Enc, 0.000, Gyro, 0.001
VelControlTask  ,15.031,Enc, 0.000, Gyro, 0.000
VelControlTask  ,15.032,Enc, 0.000, Gyro,-0.001
VelControlTask  ,15.033,Enc, 0.000, Gyro,-0.001
VelControlTask  ,15.034,Enc, 0.000, Gyro, 0.000
VelControlTask  ,15.035,Enc, 0.000, Gyro, 0.002
VelControlTask  ,15.036,Enc, 0.000, Gyro, 0.001
VelControlTask  ,15.037,Enc, 0.000, Gyro,-0.001
VelControlTask  ,15.038,Enc, 0.000, Gyro, 0.000
VelControlTask  ,15.039,Enc, 0.000, Gyro,-0.001
VelControlTask  ,15.040,Enc, 0.000, Gyro, 0.000
VelControlTask  ,15.041,Enc, 0.000, Gyro, 0.000
VelControlTask  ,15.042,Enc, 0.000, Gyro,-0.001
VelControlTask  ,15.043,Enc, 0.000, Gyro, 0.000
VelControlTask  ,15.044,Enc, 0.000, Gyro,-0.001
VelControlTask  ,15.045,Enc, 0.000, Gyro,-0.001
VelControlTask  ,15.046,Enc, 0.000, Gyro, 0.000
VelControlTask  ,15.047,Enc, 0.000, Gyro, 0.000
VelControlTask  ,15.048,Enc, 0.000, Gyro, 0.000
VelControlTask  ,15.049,Enc, 0.000, Gyro,-0.001
VelControlTask  ,15.050,Enc, 0.000, Gyro,-0.001
VelControlTask  ,15.051,Enc, 0.000, Gyro, 0.000
VelControlTask  ,15.052,Enc, 0.000, Gyro, 0.000
VelControlTask  ,15.053,Enc, 0.000, Gyro, 0.000
VelControlTask  ,15.054,Enc, 0.000, Gyro,-0.002
VelControlTask  ,15.055,Enc, 0.000, Gyro,-0.001
VelControlTask  ,15.056,Enc, 0.000, Gyro,-0.002
VelControlTask  ,15.057,Enc, 0.000, Gyro,-0.001
VelControlTask  ,15.058,Enc, 0.000, Gyro,-0.001
VelControlTask  ,15.059,Enc, 0.000, Gyro,-0.001
VelControlTask  ,15.060,Enc, 0.000, Gyro,-0.001
VelControlTask  ,15.061,Enc, 0.000, Gyro,-0.001
VelControlTask  ,15.062,Enc, 0.000, Gyro,-0.001
VelControlTask  ,15.063,Enc, 0.000, Gyro,-0.002
VelControlTask  ,15.064,Enc, 0.000, Gyro,-0.002
VelControlTask  ,15.065,Enc, 0.000, Gyro,-0.002
VelControlTask  ,15.066,Enc, 0.000, Gyro, 0.000
VelControlTask  ,15.067,Enc, 0.000, Gyro, 0.002
VelControlTask  ,15.068,Enc, 0.000, Gyro, 0.000
VelControlTask  ,15.069,Enc, 0.000, Gyro,-0.002
VelControlTask  ,15.070,Enc, 0.000, Gyro, 0.000
VelControlTask  ,15.071,Enc, 0.000, Gyro,-0.002
VelControlTask  ,15.072,Enc, 0.000, Gyro,-0.002
VelControlTask  ,15.073,Enc, 0.000, Gyro,-0.001
VelControlTask  ,15.074,Enc, 0.000, Gyro, 0.000
VelControlTask  ,15.075,Enc, 0.000, Gyro, 0.000
VelControlTask  ,15.076,Enc, 0.000, Gyro, 0.001
VelControlTask  ,15.077,Enc, 0.000, Gyro, 0.000
VelControlTask  ,15.078,Enc, 0.000, Gyro,-0.001
VelControlTask  ,15.079,Enc, 0.000, Gyro, 0.000
VelControlTask  ,15.080,Enc, 0.000, Gyro, 0.000
VelControlTask  ,15.081,Enc, 0.000, Gyro, 0.000
VelControlTask  ,15.082,Enc, 0.000, Gyro, 0.000
VelControlTask  ,15.083,Enc, 0.000, Gyro,-0.001
VelControlTask  ,15.084,Enc, 0.000, Gyro,-0.002
VelControlTask  ,15.085,Enc, 0.000, Gyro,-0.002
VelControlTask  ,15.086,Enc, 0.000, Gyro,-0.002
VelControlTask  ,15.087,Enc, 0.000, Gyro,-0.003
VelControlTask  ,15.088,Enc, 0.000, Gyro,-0.003
VelControlTask  ,15.089,Enc, 0.000, Gyro,-0.003
VelControlTask  ,15.090,Enc, 0.000, Gyro,-0.001
VelControlTask  ,15.091,Enc, 0.000, Gyro,-0.001
VelControlTask  ,15.092,Enc, 0.000, Gyro, 0.000
VelControlTask  ,15.093,Enc, 0.000, Gyro, 0.001
VelControlTask  ,15.094,Enc, 0.000, Gyro, 0.000
VelControlTask  ,15.095,Enc, 0.000, Gyro, 0.000
VelControlTask  ,15.096,Enc, 0.000, Gyro, 0.000
VelControlTask  ,15.097,Enc, 0.000, Gyro,-0.001
VelControlTask  ,15.098,Enc, 0.000, Gyro, 0.000
VelControlTask  ,15.099,Enc, 0.000, Gyro,-0.002
VelControlTask  ,15.100,Enc, 0.000, Gyro,-0.001
VelControlTask  ,15.101,Enc, 0.000, Gyro, 0.001
VelControlTask  ,15.102,Enc, 0.000, Gyro, 0.001
VelControlTask  ,15.103,Enc, 0.000, Gyro, 0.001
VelControlTask  ,15.104,Enc, 0.000, Gyro, 0.001
VelControlTask  ,15.105,Enc, 0.000, Gyro,-0.001
VelControlTask  ,15.106,Enc, 0.000, Gyro,-0.001
VelControlTask  ,15.107,Enc, 0.000, Gyro, 0.000
VelControlTask  ,15.108,Enc, 0.000, Gyro, 0.000
VelControlTask  ,15.109,Enc, 0.000, Gyro,-0.002
VelControlTask  ,15.110,Enc, 0.000, Gyro,-0.001
VelControlTask  ,15.111,Enc, 0.000, Gyro, 0.000
VelControlTask  ,15.112,Enc, 0.000, Gyro, 0.000
VelControlTask  ,15.113,Enc, 0.000, Gyro,-0.002
VelControlTask  ,15.114,Enc, 0.000, Gyro,-0.001
VelControlTask  ,15.115,Enc, 0.000, Gyro, 0.000
VelControlTask  ,15.116,Enc, 0.000, Gyro, 0.000
VelControlTask  ,15.117,Enc, 0.000, Gyro,-0.002
VelControlTask  ,15.118,Enc, 0.000, Gyro,-0.002
VelControlTask  ,15.119,Enc, 0.000, Gyro,-0.002
VelControlTask  ,15.120,Enc, 0.000, Gyro,-0.001
VelControlTask  ,15.121,Enc, 0.000, Gyro, 0.000
VelControlTask  ,15.122,Enc, 0.000, Gyro,-0.001
VelControlTask  ,15.123,Enc, 0.000, Gyro,-0.001
VelControlTask  ,15.124,Enc, 0.000, Gyro,-0.001
VelControlTask  ,15.125,Enc, 0.000, Gyro, 0.000
VelControlTask  ,15.126,Enc, 0.000, Gyro,-0.001
VelControlTask  ,15.127,Enc, 0.000, Gyro, 0.000
VelControlTask  ,15.128,Enc, 0.000, Gyro, 0.000
VelControlTask  ,15.129,Enc, 0.000, Gyro, 0.001
VelControlTask  ,15.130,Enc, 0.000, Gyro,-0.002
VelControlTask  ,15.131,Enc, 0.000, Gyro,-0.002
VelControlTask  ,15.132,Enc, 0.000, Gyro,-0.002
VelControlTask  ,15.133,Enc, 0.000, Gyro, 0.000
VelControlTask  ,15.134,Enc, 0.000, Gyro, 0.001
VelControlTask  ,15.135,Enc, 0.000, Gyro, 0.002
VelControlTask  ,15.136,Enc, 0.000, Gyro, 0.001
VelControlTask  ,15.137,Enc, 0.000, Gyro,-0.001
VelControlTask  ,15.138,Enc, 0.000, Gyro, 0.000
VelControlTask  ,15.139,Enc, 0.000, Gyro, 0.001
VelControlTask  ,15.140,Enc, 0.000, Gyro, 0.000
VelControlTask  ,15.141,Enc, 0.000, Gyro, 0.000
VelControlTask  ,15.142,Enc, 0.000, Gyro, 0.002
VelControlTask  ,15.143,Enc, 0.000, Gyro, 0.003
VelControlTask  ,15.144,Enc, 0.000, Gyro, 0.001
VelControlTask  ,15.145,Enc, 0.000, Gyro, 0.000
VelControlTask  ,15.146,Enc, 0.000, Gyro, 0.000
VelControlTask  ,15.147,Enc, 0.000, Gyro,-0.002
VelControlTask  ,15.148,Enc, 0.000, Gyro,-0.001
VelControlTask  ,15.149,Enc, 0.000, Gyro,-0.001
VelControlTask  ,15.150,Enc, 0.000, Gyro,-0.003
VelControlTask  ,15.151,Enc, 0.000, Gyro,-0.002
VelControlTask  ,15.152,Enc, 0.000, Gyro,-0.001
VelControlTask  ,15.153,Enc, 0.000, Gyro, 0.000
VelControlTask  ,15.154,Enc, 0.000, Gyro, 0.000
VelControlTask  ,15.155,Enc, 0.000, Gyro, 0.000
VelControlTask  ,15.156,Enc, 0.000, Gyro, 0.002
VelControlTask  ,15.157,Enc, 0.000, Gyro, 0.002
VelControlTask  ,15.158,Enc, 0.000, Gyro, 0.001
VelControlTask  ,15.159,Enc, 0.000, Gyro, 0.001
VelControlTask  ,15.160,Enc, 0.000, Gyro, 0.001
VelControlTask  ,15.161,Enc, 0.000, Gyro, 0.001
VelControlTask  ,15.162,Enc, 0.000, Gyro, 0.000
VelControlTask  ,15.163,Enc, 0.000, Gyro,-0.003
VelControlTask  ,15.164,Enc, 0.000, Gyro,-0.002
VelControlTask  ,15.165,Enc, 0.000, Gyro,-0.003
VelControlTask  ,15.166,Enc, 0.000, Gyro,-0.003
VelControlTask  ,15.167,Enc, 0.000, Gyro,-0.001
VelControlTask  ,15.168,Enc, 0.000, Gyro,-0.001
VelControlTask  ,15.169,Enc, 0.000, Gyro,-0.001
VelControlTask  ,15.170,Enc, 0.000, Gyro, 0.000
VelControlTask  ,15.171,Enc, 0.000, Gyro,-0.001
VelControlTask  ,15.172,Enc, 0.000, Gyro,-0.001
VelControlTask  ,15.173,Enc, 0.000, Gyro,-0.002
VelControlTask  ,15.174,Enc, 0.000, Gyro, 0.000
VelControlTask  ,15.175,Enc, 0.000, Gyro,-0.003
VelControlTask  ,15.176,Enc, 0.000, Gyro,-0.003
VelControlTask  ,15.177,Enc, 0.000, Gyro,-0.001
VelControlTask  ,15.178,Enc, 0.000, Gyro, 0.000
VelControlTask  ,15.179,Enc, 0.000, Gyro, 0.000
VelControlTask  ,15.180,Enc, 0.000, Gyro, 0.000
VelControlTask  ,15.181,Enc, 0.000, Gyro, 0.001
VelControlTask  ,15.182,Enc, 0.000, Gyro, 0.000
VelControlTask  ,15.183,Enc, 0.000, Gyro,-0.001
VelControlTask  ,15.184,Enc, 0.000, Gyro,-0.002
VelControlTask  ,15.185,Enc, 0.000, Gyro,-0.002
VelControlTask  ,15.186,Enc, 0.000, Gyro,-0.002
VelControlTask  ,15.187,Enc, 0.000, Gyro, 0.000
VelControlTask  ,15.188,Enc, 0.000, Gyro, 0.000
VelControlTask  ,15.189,Enc, 0.000, Gyro,-0.002
VelControlTask  ,15.190,Enc, 0.000, Gyro,-0.003
VelControlTask  ,15.191,Enc, 0.000, Gyro,-0.002
VelControlTask  ,15.192,Enc, 0.000, Gyro,-0.001
VelControlTask  ,15.193,Enc, 0.000, Gyro, 0.001
VelControlTask  ,15.194,Enc, 0.000, Gyro, 0.000
VelControlTask  ,15.195,Enc, 0.000, Gyro,-0.002
VelControlTask  ,15.196,Enc, 0.000, Gyro,-0.002
VelControlTask  ,15.197,Enc, 0.000, Gyro,-0.001
VelControlTask  ,15.198,Enc, 0.000, Gyro,-0.001
VelControlTask  ,15.199,Enc, 0.000, Gyro,-0.002
VelControlTask  ,15.200,Enc, 0.000, Gyro,-0.003
VelControlTask  ,15.201,Enc, 0.000, Gyro,-0.003
VelControlTask  ,15.202,Enc, 0.000, Gyro,-0.002
VelControlTask  ,15.203,Enc, 0.000, Gyro, 0.000
VelControlTask  ,15.204,Enc, 0.000, Gyro, 0.002
VelControlTask  ,15.205,Enc, 0.000, Gyro,-0.001
VelControlTask  ,15.206,Enc, 0.000, Gyro,-0.004
VelControlTask  ,15.207,Enc, 0.000, Gyro,-0.003
VelControlTask  ,15.208,Enc, 0.000, Gyro,-0.001
VelControlTask  ,15.209,Enc, 0.000, Gyro,-0.001
VelControlTask  ,15.210,Enc, 0.000, Gyro,-0.001
VelControlTask  ,15.211,Enc, 0.000, Gyro,-0.001
VelControlTask  ,15.212,Enc, 0.000, Gyro, 0.002
VelControlTask  ,15.213,Enc, 0.000, Gyro,-0.001
VelControlTask  ,15.214,Enc, 0.000, Gyro,-0.004
VelControlTask  ,15.215,Enc, 0.000, Gyro,-0.003
VelControlTask  ,15.216,Enc, 0.000, Gyro, 0.000
VelControlTask  ,15.217,Enc, 0.000, Gyro, 0.002
VelControlTask  ,15.218,Enc, 0.000, Gyro, 0.000
VelControlTask  ,15.219,Enc, 0.000, Gyro, 0.000
VelControlTask  ,15.220,Enc, 0.000, Gyro, 0.000
VelControlTask  ,15.221,Enc, 0.000, Gyro, 0.000
VelControlTask  ,15.222,Enc, 0.000, Gyro,-0.001
VelControlTask  ,15.223,Enc, 0.000, Gyro,-0.001
VelControlTask  ,15.224,Enc, 0.000, Gyro,-0.002
VelControlTask  ,15.225,Enc, 0.000, Gyro,-0.001
VelControlTask  ,15.226,Enc, 0.000, Gyro, 0.000
VelControlTask  ,15.227,Enc, 0.000, Gyro, 0.001
VelControlTask  ,15.228,Enc, 0.000, Gyro, 0.000
VelControlTask  ,15.229,Enc, 0.000, Gyro,-0.001
VelControlTask  ,15.230,Enc, 0.000, Gyro,-0.001
VelControlTask  ,15.231,Enc, 0.000, Gyro, 0.000
VelControlTask  ,15.232,Enc, 0.000, Gyro, 0.000
VelControlTask  ,15.233,Enc, 0.000, Gyro, 0.001
VelControlTask  ,15.234,Enc, 0.000, Gyro, 0.000
VelControlTask  ,15.235,Enc, 0.000, Gyro,-0.002
VelControlTask  ,15.236,Enc, 0.000, Gyro,-0.003
VelControlTask  ,15.237,Enc, 0.000, Gyro,-0.004
VelControlTask  ,15.238,Enc, 0.000, Gyro,-0.003
VelControlTask  ,15.239,Enc, 0.000, Gyro,-0.002
VelControlTask  ,15.240,Enc, 0.000, Gyro, 0.000
VelControlTask  ,15.241,Enc, 0.000, Gyro, 0.001
VelControlTask  ,15.242,Enc, 0.000, Gyro,-0.002
VelControlTask  ,15.243,Enc, 0.000, Gyro,-0.003
VelControlTask  ,15.244,Enc, 0.000, Gyro,-0.002
VelControlTask  ,15.245,Enc, 0.000, Gyro, 0.000
VelControlTask  ,15.246,Enc, 0.000, Gyro, 0.001
VelControlTask  ,15.247,Enc, 0.000, Gyro, 0.001
VelControlTask  ,15.248,Enc, 0.000, Gyro, 0.001
VelControlTask  ,15.249,Enc, 0.000, Gyro, 0.000
VelControlTask  ,15.250,Enc, 0.000, Gyro,-0.002
VelControlTask  ,15.251,Enc, 0.000, Gyro,-0.001
VelControlTask  ,15.252,Enc, 0.000, Gyro,-0.001
VelControlTask  ,15.253,Enc, 0.000, Gyro,-0.001
VelControlTask  ,15.254,Enc, 0.000, Gyro,-0.001
VelControlTask  ,15.255,Enc, 0.000, Gyro, 0.002
VelControlTask  ,15.256,Enc, 0.000, Gyro, 0.001
VelControlTask  ,15.257,Enc, 0.000, Gyro, 0.000
VelControlTask  ,15.258,Enc, 0.000, Gyro,-0.002
VelControlTask  ,15.259,Enc, 0.000, Gyro,-0.003
VelControlTask  ,15.260,Enc, 0.000, Gyro,-0.001
VelControlTask  ,15.261,Enc, 0.000, Gyro, 0.000
VelControlTask  ,15.262,Enc, 0.000, Gyro, 0.000
VelControlTask  ,15.263,Enc, 0.000, Gyro,-0.001
VelControlTask  ,15.264,Enc, 0.000, Gyro,-0.001
VelControlTask  ,15.265,Enc, 0.000, Gyro,-0.001
VelControlTask  ,15.266,Enc, 0.000, Gyro,-0.001
VelControlTask  ,15.267,Enc, 0.000, Gyro,-0.001
VelControlTask  ,15.268,Enc, 0.000, Gyro,-0.001
VelControlTask  ,15.269,Enc, 0.000, Gyro,-0.004
VelControlTask  ,15.270,Enc, 0.000, Gyro,-0.004
VelControlTask  ,15.271,Enc, 0.000, Gyro,-0.001
VelControlTask  ,15.272,Enc, 0.000, Gyro,-0.001
VelControlTask  ,15.273,Enc, 0.000, Gyro, 0.000
VelControlTask  ,15.274,Enc, 0.000, Gyro, 0.002
VelControlTask  ,15.275,Enc, 0.000, Gyro, 0.001
VelControlTask  ,15.276,Enc, 0.000, Gyro,-0.002
VelControlTask  ,15.277,Enc, 0.000, Gyro,-0.004
VelControlTask  ,15.278,Enc, 0.000, Gyro,-0.002
VelControlTask  ,15.279,Enc, 0.000, Gyro,-0.001
VelControlTask  ,15.280,Enc, 0.000, Gyro,-0.002
VelControlTask  ,15.281,Enc, 0.000, Gyro,-0.002
VelControlTask  ,15.282,Enc, 0.000, Gyro,-0.002
VelControlTask  ,15.283,Enc, 0.000, Gyro,-0.002
VelControlTask  ,15.284,Enc, 0.000, Gyro, 0.000
VelControlTask  ,15.285,Enc, 0.000, Gyro, 0.000
VelControlTask  ,15.286,Enc, 0.000, Gyro,-0.002
VelControlTask  ,15.287,Enc, 0.000, Gyro, 0.000
VelControlTask  ,15.288,Enc, 0.000, Gyro, 0.000
VelControlTask  ,15.289,Enc, 0.000, Gyro, 0.000
VelControlTask  ,15.290,Enc, 0.000, Gyro, 0.000
VelControlTask  ,15.291,Enc, 0.000, Gyro,-0.001
VelControlTask  ,15.292,Enc, 0.000, Gyro,-0.001
VelControlTask  ,15.293,Enc, 0.000, Gyro, 0.000
VelControlTask  ,15.294,Enc, 0.000, Gyro,-0.001
VelControlTask  ,15.295,Enc, 0.000, Gyro,-0.001
VelControlTask  ,15.296,Enc, 0.000, Gyro,-0.001
VelControlTask  ,15.297,Enc, 0.000, Gyro,-0.002
VelControlTask  ,15.298,Enc, 0.000, Gyro,-0.001
VelControlTask  ,15.299,Enc, 0.000, Gyro, 0.001
VelControlTask  ,15.300,Enc, 0.000, Gyro, 0.002
VelControlTask  ,15.301,Enc, 0.000, Gyro,-0.001
VelControlTask  ,15.302,Enc, 0.000, Gyro,-0.003
VelControlTask  ,15.303,Enc, 0.000, Gyro,-0.003
VelControlTask  ,15.304,Enc, 0.000, Gyro, 0.000
VelControlTask  ,15.305,Enc, 0.000, Gyro,-0.001
VelControlTask  ,15.306,Enc, 0.000, Gyro,-0.003
VelControlTask  ,15.307,Enc, 0.000, Gyro,-0.001
VelControlTask  ,15.308,Enc, 0.000, Gyro, 0.001
VelControlTask  ,15.309,Enc, 0.000, Gyro, 0.000
VelControlTask  ,15.310,Enc, 0.000, Gyro,-0.001
VelControlTask  ,15.311,Enc, 0.000, Gyro,-0.002
VelControlTask  ,15.312,Enc, 0.000, Gyro,-0.002
VelControlTask  ,15.313,Enc, 0.000, Gyro,-0.002
VelControlTask  ,15.314,Enc, 0.000, Gyro,-0.001
VelControlTask  ,15.315,Enc, 0.000, Gyro,-0.001
VelControlTask  ,15.316,Enc, 0.000, Gyro,-0.001
VelControlTask  ,15.317,Enc, 0.000, Gyro, 0.000
VelControlTask  ,15.318,Enc, 0.000, Gyro, 0.001
VelControlTask  ,15.319,Enc, 0.000, Gyro, 0.002
VelControlTask  ,15.320,Enc, 0.000, Gyro, 0.001
VelControlTask  ,15.321,Enc, 0.000, Gyro,-0.001
VelControlTask  ,15.322,Enc, 0.000, Gyro,-0.001
VelControlTask  ,15.323,Enc, 0.000, Gyro,-0.002
VelControlTask  ,15.324,Enc, 0.000, Gyro,-0.002
VelControlTask  ,15.325,Enc, 0.000, Gyro,-0.001
VelControlTask  ,15.326,Enc, 0.000, Gyro,-0.001
VelControlTask  ,15.327,Enc, 0.000, Gyro,-0.002
VelControlTask  ,15.328,Enc, 0.000, Gyro,-0.002
VelControlTask  ,15.329,Enc, 0.000, Gyro,-0.001
VelControlTask  ,15.330,Enc, 0.000, Gyro,-0.001
VelControlTask  ,15.331,Enc, 0.000, Gyro,-0.002
VelControlTask  ,15.332,Enc, 0.000, Gyro,-0.001
VelControlTask  ,15.333,Enc, 0.000, Gyro,-0.001
VelControlTask  ,15.334,Enc, 0.000, Gyro, 0.000
VelControlTask  ,15.335,Enc, 0.000, Gyro, 0.000
VelControlTask  ,15.336,Enc, 0.000, Gyro,-0.002
VelControlTask  ,15.337,Enc, 0.000, Gyro,-0.002
VelControlTask  ,15.338,Enc, 0.000, Gyro,-0.001
VelControlTask  ,15.339,Enc, 0.000, Gyro, 0.000
VelControlTask  ,15.340,Enc, 0.000, Gyro, 0.000
VelControlTask  ,15.341,Enc, 0.000, Gyro,-0.001
VelControlTask  ,15.342,Enc, 0.000, Gyro,-0.002
VelControlTask  ,15.343,Enc, 0.000, Gyro,-0.001
VelControlTask  ,15.344,Enc, 0.000, Gyro,-0.001
VelControlTask  ,15.345,Enc, 0.000, Gyro,-0.001
VelControlTask  ,15.346,Enc, 0.000, Gyro, 0.001
VelControlTask  ,15.347,Enc, 0.000, Gyro, 0.002
VelControlTask  ,15.348,Enc, 0.000, Gyro, 0.001
VelControlTask  ,15.349,Enc, 0.000, Gyro,-0.001
VelControlTask  ,15.350,Enc, 0.000, Gyro, 0.000
VelControlTask  ,15.351,Enc, 0.000, Gyro, 0.000
VelControlTask  ,15.352,Enc, 0.000, Gyro,-0.001
VelControlTask  ,15.353,Enc, 0.000, Gyro, 0.000
VelControlTask  ,15.354,Enc, 0.000, Gyro,-0.001
VelControlTask  ,15.355,Enc, 0.000, Gyro,-0.002
VelControlTask  ,15.356,Enc, 0.000, Gyro,-0.001
VelControlTask  ,15.357,Enc, 0.000, Gyro, 0.000
VelControlTask  ,15.358,Enc, 0.000, Gyro,-0.001
VelControlTask  ,15.359,Enc, 0.000, Gyro, 0.000
VelControlTask  ,15.360,Enc, 0.000, Gyro,-0.002
VelControlTask  ,15.361,Enc, 0.000, Gyro,-0.003
VelControlTask  ,15.362,Enc, 0.000, Gyro,-0.002
VelControlTask  ,15.363,Enc, 0.000, Gyro, 0.000
VelControlTask  ,15.364,Enc, 0.000, Gyro, 0.000
VelControlTask  ,15.365,Enc, 0.000, Gyro, 0.000
VelControlTask  ,15.366,Enc, 0.000, Gyro, 0.001
VelControlTask  ,15.367,Enc, 0.000, Gyro, 0.001
VelControlTask  ,15.368,Enc, 0.000, Gyro,-0.001
VelControlTask  ,15.369,Enc, 0.000, Gyro,-0.003
VelControlTask  ,15.370,Enc, 0.000, Gyro, 0.001
VelControlTask  ,15.371,Enc, 0.000, Gyro, 0.000
VelControlTask  ,15.372,Enc, 0.000, Gyro,-0.001
VelControlTask  ,15.373,Enc, 0.000, Gyro, 0.000
VelControlTask  ,15.374,Enc, 0.000, Gyro, 0.000
VelControlTask  ,15.375,Enc, 0.000, Gyro, 0.001
VelControlTask  ,15.376,Enc, 0.000, Gyro, 0.000
VelControlTask  ,15.377,Enc, 0.000, Gyro, 0.000
VelControlTask  ,15.378,Enc, 0.000, Gyro,-0.002
VelControlTask  ,15.379,Enc, 0.000, Gyro,-0.001
VelControlTask  ,15.380,Enc, 0.000, Gyro,-0.001
VelControlTask  ,15.381,Enc, 0.000, Gyro,-0.003
VelControlTask  ,15.382,Enc, 0.000, Gyro,-0.002
VelControlTask  ,15.383,Enc, 0.000, Gyro,-0.002
VelControlTask  ,15.384,Enc, 0.000, Gyro,-0.003
VelControlTask  ,15.385,Enc, 0.000, Gyro,-0.002
VelControlTask  ,15.386,Enc, 0.000, Gyro,-0.001
VelControlTask  ,15.387,Enc, 0.000, Gyro,-0.002
VelControlTask  ,15.388,Enc, 0.000, Gyro,-0.001
VelControlTask  ,15.389,Enc, 0.000, Gyro,-0.001
VelControlTask  ,15.390,Enc, 0.000, Gyro,-0.001
VelControlTask  ,15.391,Enc, 0.000, Gyro, 0.000
VelControlTask  ,15.392,Enc, 0.000, Gyro, 0.000
VelControlTask  ,15.393,Enc, 0.000, Gyro,-0.001
VelControlTask  ,15.394,Enc, 0.000, Gyro,-0.001
VelControlTask  ,15.395,Enc, 0.000, Gyro, 0.000
VelControlTask  ,15.396,Enc, 0.000, Gyro, 0.000
VelControlTask  ,15.397,Enc, 0.000, Gyro,-0.001
VelControlTask  ,15.398,Enc, 0.000, Gyro,-0.003
VelControlTask  ,15.399,Enc, 0.000, Gyro,-0.002
VelControlTask  ,15.400,Enc, 0.000, Gyro,-0.001
VelControlTask  ,15.401,Enc, 0.000, Gyro,-0.002
VelControlTask  ,15.402,Enc, 0.000, Gyro, 0.000
VelControlTask  ,15.403,Enc, 0.000, Gyro,-0.001
VelControlTask  ,15.404,Enc, 0.000, Gyro, 0.000
VelControlTask  ,15.405,Enc, 0.000, Gyro,-0.001
VelControlTask  ,15.406,Enc, 0.000, Gyro,-0.001
VelControlTask  ,15.407,Enc, 0.000, Gyro,-0.001
VelControlTask  ,15.408,Enc, 0.000, Gyro,-0.001
VelControlTask  ,15.409,Enc, 0.000, Gyro,-0.001
VelControlTask  ,15.410,Enc, 0.000, Gyro,-0.002
VelControlTask  ,15.411,Enc, 0.000, Gyro,-0.002
VelControlTask  ,15.412,Enc, 0.000, Gyro,-0.001
VelControlTask  ,15.413,Enc, 0.000, Gyro, 0.000
VelControlTask  ,15.414,Enc, 0.000, Gyro, 0.000
VelControlTask  ,15.415,Enc, 0.000, Gyro, 0.000
VelControlTask  ,15.416,Enc, 0.000, Gyro,-0.001
VelControlTask  ,15.417,Enc, 0.000, Gyro,-0.001
VelControlTask  ,15.418,Enc, 0.000, Gyro,-0.001
VelControlTask  ,15.419,Enc, 0.000, Gyro,-0.001
VelControlTask  ,15.420,Enc, 0.000, Gyro,-0.001
VelControlTask  ,15.421,Enc, 0.000, Gyro,-0.001
VelControlTask  ,15.422,Enc, 0.000, Gyro,-0.002
VelControlTask  ,15.423,Enc, 0.000, Gyro,-0.002
VelControlTask  ,15.424,Enc, 0.000, Gyro, 0.000
VelControlTask  ,15.425,Enc, 0.000, Gyro, 0.000
VelControlTask  ,15.426,Enc, 0.000, Gyro, 0.001
VelControlTask  ,15.427,Enc, 0.000, Gyro, 0.001
VelControlTask  ,15.428,Enc, 0.000, Gyro,-0.002
VelControlTask  ,15.429,Enc, 0.000, Gyro,-0.003
VelControlTask  ,15.430,Enc, 0.000, Gyro,-0.002
VelControlTask  ,15.431,Enc, 0.000, Gyro,-0.001
VelControlTask  ,15.432,Enc, 0.000, Gyro,-0.003
VelControlTask  ,15.433,Enc, 0.000, Gyro,-0.004
VelControlTask  ,15.434,Enc, 0.000, Gyro,-0.003
VelControlTask  ,15.435,Enc, 0.000, Gyro,-0.001
VelControlTask  ,15.436,Enc, 0.000, Gyro, 0.001
VelControlTask  ,15.437,Enc, 0.000, Gyro, 0.000
VelControlTask  ,15.438,Enc, 0.000, Gyro,-0.001
VelControlTask  ,15.439,Enc, 0.000, Gyro,-0.001
VelControlTask  ,15.440,Enc, 0.000, Gyro,-0.001